"class","TLOC","WMC","TASSERT"
"./src/test/java/org/jfree/chart/annotations/CategoryTextAnnotationTest.java",61,8,14
"./src/test/java/org/jfree/chart/annotations/XYDrawableAnnotationTest.java",103,12,18
"./src/test/java/org/jfree/chart/annotations/XYImageAnnotationTest.java",3,8,10
"./src/test/java/org/jfree/chart/annotations/XYPolygonAnnotationTest.java",91,8,17
"./src/test/java/org/jfree/chart/annotations/XYShapeAnnotationTest.java",100,8,17
"./src/test/java/org/jfree/chart/annotations/XYTitleAnnotationTest.java",88,8,13
"./src/test/java/org/jfree/chart/api/RectangleAlignmentTest.java",46,7,12
"./src/test/java/org/jfree/chart/AreaChartTest.java",96,11,5
"./src/test/java/org/jfree/chart/axis/AxisLocationTest.java",32,9,8
"./src/test/java/org/jfree/chart/axis/AxisSpaceTest.java",44,7,14
"./src/test/java/org/jfree/chart/axis/CategoryAnchorTest.java",30,8,9
"./src/test/java/org/jfree/chart/axis/CategoryLabelPositionsTest.java",114,8,12
"./src/test/java/org/jfree/chart/axis/CategoryLabelPositionTest.java",85,8,17
"./src/test/java/org/jfree/chart/axis/CategoryLabelWidthTypeTest.java",29,8,6
"./src/test/java/org/jfree/chart/axis/CategoryTickTest.java",77,8,17
"./src/test/java/org/jfree/chart/axis/CyclicNumberAxisTest.java",66,8,19
"./src/test/java/org/jfree/chart/axis/DateTickMarkPositionTest.java",31,8,10
"./src/test/java/org/jfree/chart/axis/DateTickTest.java",73,8,19
"./src/test/java/org/jfree/chart/axis/DateTickUnitTest.java",28,8,4
"./src/test/java/org/jfree/chart/axis/LogarithmicAxisTest.java",124,20,13
"./src/test/java/org/jfree/chart/axis/MarkerAxisBandTest.java",51,11,14
"./src/test/java/org/jfree/chart/axis/ModuloAxisTest.java",40,8,9
"./src/test/java/org/jfree/chart/axis/MonthDateFormatTest.java",74,8,18
"./src/test/java/org/jfree/chart/axis/NumberTickUnitTest.java",41,8,9
"./src/test/java/org/jfree/chart/axis/QuarterDateFormatTest.java",62,8,14
"./src/test/java/org/jfree/chart/axis/StandardTickUnitSourceTest.java",19,8,2
"./src/test/java/org/jfree/chart/axis/SubCategoryAxisTest.java",78,11,14
"./src/test/java/org/jfree/chart/axis/SymbolAxisTest.java",50,8,16
"./src/test/java/org/jfree/chart/axis/TickUnitsTest.java",33,8,6
"./src/test/java/org/jfree/chart/BarChartTest.java",93,11,5
"./src/test/java/org/jfree/chart/block/BlockBorderTest.java",44,8,8
"./src/test/java/org/jfree/chart/block/BlockContainerTest.java",38,8,10
"./src/test/java/org/jfree/chart/block/ColorBlockTest.java",58,8,14
"./src/test/java/org/jfree/chart/block/ColumnArrangementTest.java",53,8,12
"./src/test/java/org/jfree/chart/block/EmptyBlockTest.java",42,8,10
"./src/test/java/org/jfree/chart/block/FlowArrangementTest.java",53,8,12
"./src/test/java/org/jfree/chart/block/LabelBlockTest.java",73,8,20
"./src/test/java/org/jfree/chart/block/LineBorderTest.java",50,8,10
"./src/test/java/org/jfree/chart/block/RectangleConstraintTest.java",68,7,18
"./src/test/java/org/jfree/chart/ChartRenderingInfoTest.java",65,9,16
"./src/test/java/org/jfree/chart/entity/CategoryItemEntityTest.java",64,8,11
"./src/test/java/org/jfree/chart/entity/CategoryLabelEntityTest.java",50,8,13
"./src/test/java/org/jfree/chart/entity/FlowEntityTest.java",45,8,14
"./src/test/java/org/jfree/chart/entity/LegendItemEntityTest.java",53,8,15
"./src/test/java/org/jfree/chart/entity/PieSectionEntityTest.java",65,8,19
"./src/test/java/org/jfree/chart/entity/StandardEntityCollectionTest.java",52,8,9
"./src/test/java/org/jfree/chart/entity/TickLabelEntityTest.java",44,8,11
"./src/test/java/org/jfree/chart/entity/XYItemEntityTest.java",57,8,15
"./src/test/java/org/jfree/chart/GanttChartTest.java",175,13,4
"./src/test/java/org/jfree/chart/imagemap/DynamicDriveToolTipTagFragmentGeneratorTest.java",16,8,2
"./src/test/java/org/jfree/chart/imagemap/ImageMapUtilsTest.java",59,9,17
"./src/test/java/org/jfree/chart/imagemap/OverLIBToolTipTagFragmentGeneratorTest.java",16,8,2
"./src/test/java/org/jfree/chart/imagemap/StandardToolTipTagFragmentGeneratorTest.java",14,8,2
"./src/test/java/org/jfree/chart/imagemap/StandardURLTagFragmentGeneratorTest.java",15,8,3
"./src/test/java/org/jfree/chart/internal/ArgsTest.java",16,7,2
"./src/test/java/org/jfree/chart/internal/CloneUtilsTest.java",30,9,5
"./src/test/java/org/jfree/chart/internal/HashUtilsTest.java",16,8,2
"./src/test/java/org/jfree/chart/internal/SerialUtilsTest.java",72,7,3
"./src/test/java/org/jfree/chart/internal/ShapeUtilsTest.java",65,11,13
"./src/test/java/org/jfree/chart/labels/BoxAndWhiskerToolTipGeneratorTest.java",55,11,12
"./src/test/java/org/jfree/chart/labels/BoxAndWhiskerXYToolTipGeneratorTest.java",74,12,15
"./src/test/java/org/jfree/chart/labels/CustomXYItemLabelGeneratorTest.java",39,8,5
"./src/test/java/org/jfree/chart/labels/HighLowItemLabelGeneratorTest.java",56,8,13
"./src/test/java/org/jfree/chart/labels/IntervalCategoryItemLabelGeneratorTest.java",64,8,13
"./src/test/java/org/jfree/chart/labels/IntervalCategoryToolTipGeneratorTest.java",75,8,14
"./src/test/java/org/jfree/chart/labels/ItemLabelAnchorTest.java",17,8,3
"./src/test/java/org/jfree/chart/labels/ItemLabelPositionTest.java",18,8,2
"./src/test/java/org/jfree/chart/labels/MultipleXYSeriesLabelGeneratorTest.java",58,9,15
"./src/test/java/org/jfree/chart/labels/StandardCategoryItemLabelGeneratorTest.java",97,11,19
"./src/test/java/org/jfree/chart/labels/StandardCategorySeriesLabelGeneratorTest.java",65,10,12
"./src/test/java/org/jfree/chart/labels/StandardCategoryToolTipGeneratorTest.java",80,9,16
"./src/test/java/org/jfree/chart/labels/StandardFlowLabelGeneratorTest.java",20,8,3
"./src/test/java/org/jfree/chart/labels/StandardPieSectionLabelGeneratorTest.java",84,8,19
"./src/test/java/org/jfree/chart/labels/StandardPieToolTipGeneratorTest.java",75,9,19
"./src/test/java/org/jfree/chart/labels/StandardXYSeriesLabelGeneratorTest.java",64,10,13
"./src/test/java/org/jfree/chart/labels/SymbolicXYItemLabelGeneratorTest.java",43,8,9
"./src/test/java/org/jfree/chart/LegendItemCollectionTest.java",56,8,9
"./src/test/java/org/jfree/chart/LineChartTest.java",89,11,5
"./src/test/java/org/jfree/chart/MeterChartTest.java",22,7,1
"./src/test/java/org/jfree/chart/PieChartTest.java",38,10,2
"./src/test/java/org/jfree/chart/plot/CombinedDomainCategoryPlotTest.java",161,11,9
"./src/test/java/org/jfree/chart/plot/CombinedDomainXYPlotTest.java",163,10,10
"./src/test/java/org/jfree/chart/plot/CombinedRangeCategoryPlotTest.java",161,9,8
"./src/test/java/org/jfree/chart/plot/CombinedRangeXYPlotTest.java",157,10,9
"./src/test/java/org/jfree/chart/plot/compass/ArrowNeedleTest.java",32,8,8
"./src/test/java/org/jfree/chart/plot/compass/CompassPlotTest.java",67,10,17
"./src/test/java/org/jfree/chart/plot/compass/LineNeedleTest.java",28,8,6
"./src/test/java/org/jfree/chart/plot/compass/LongNeedleTest.java",28,8,6
"./src/test/java/org/jfree/chart/plot/compass/MeterNeedleTest.java",44,7,15
"./src/test/java/org/jfree/chart/plot/compass/MiddlePinNeedleTest.java",28,8,6
"./src/test/java/org/jfree/chart/plot/compass/PinNeedleTest.java",28,8,6
"./src/test/java/org/jfree/chart/plot/compass/PlumNeedleTest.java",28,8,6
"./src/test/java/org/jfree/chart/plot/compass/PointerNeedleTest.java",28,8,6
"./src/test/java/org/jfree/chart/plot/compass/ShipNeedleTest.java",28,8,6
"./src/test/java/org/jfree/chart/plot/compass/WindNeedleTest.java",28,8,6
"./src/test/java/org/jfree/chart/plot/dial/AbstractDialLayerTest.java",39,8,11
"./src/test/java/org/jfree/chart/plot/dial/DialBackgroundTest.java",75,19,19
"./src/test/java/org/jfree/chart/plot/dial/StandardDialFrameTest.java",67,9,19
"./src/test/java/org/jfree/chart/plot/dial/StandardDialRangeTest.java",60,8,17
"./src/test/java/org/jfree/chart/plot/IntervalMarkerTest.java",73,17,18
"./src/test/java/org/jfree/chart/plot/MeterIntervalTest.java",43,8,6
"./src/test/java/org/jfree/chart/plot/pie/PieLabelRecordTest.java",58,8,18
"./src/test/java/org/jfree/chart/plot/PlotOrientationTest.java",21,9,6
"./src/test/java/org/jfree/chart/plot/PlotRenderingInfoTest.java",56,8,18
"./src/test/java/org/jfree/chart/renderer/AreaRendererEndTypeTest.java",21,9,5
"./src/test/java/org/jfree/chart/renderer/category/AreaRendererTest.java",81,9,13
"./src/test/java/org/jfree/chart/renderer/category/CategoryStepRendererTest.java",63,9,11
"./src/test/java/org/jfree/chart/renderer/category/DefaultCategoryItemRendererTest.java",44,8,8
"./src/test/java/org/jfree/chart/renderer/category/GanttRendererTest.java",67,8,16
"./src/test/java/org/jfree/chart/renderer/category/GradientBarPainterTest.java",46,8,12
"./src/test/java/org/jfree/chart/renderer/category/GroupedStackedBarRendererTest.java",97,9,16
"./src/test/java/org/jfree/chart/renderer/category/IntervalBarRendererTest.java",90,9,14
"./src/test/java/org/jfree/chart/renderer/category/LayeredBarRendererTest.java",76,8,12
"./src/test/java/org/jfree/chart/renderer/category/LevelRendererTest.java",108,9,17
"./src/test/java/org/jfree/chart/renderer/category/MinMaxCategoryRendererTest.java",83,8,14
"./src/test/java/org/jfree/chart/renderer/category/StackedAreaRendererTest.java",67,9,17
"./src/test/java/org/jfree/chart/renderer/category/StackedBarRendererTest.java",68,9,18
"./src/test/java/org/jfree/chart/renderer/category/StandardBarPainterTest.java",36,8,6
"./src/test/java/org/jfree/chart/renderer/category/StatisticalBarRendererTest.java",174,9,20
"./src/test/java/org/jfree/chart/renderer/DefaultPolarItemRendererTest.java",44,8,11
"./src/test/java/org/jfree/chart/renderer/GrayPaintScaleTest.java",64,11,20
"./src/test/java/org/jfree/chart/renderer/OutlierTest.java",44,9,13
"./src/test/java/org/jfree/chart/renderer/xy/AbstractXYItemRendererTest.java",95,9,20
"./src/test/java/org/jfree/chart/renderer/xy/ClusteredXYBarRendererTest.java",90,11,18
"./src/test/java/org/jfree/chart/renderer/xy/DeviationRendererTest.java",46,9,11
"./src/test/java/org/jfree/chart/renderer/xy/DeviationStepRendererTest.java",46,9,11
"./src/test/java/org/jfree/chart/renderer/xy/GradientXYBarPainterTest.java",46,8,12
"./src/test/java/org/jfree/chart/renderer/xy/StackedXYAreaRenderer2Test.java",96,9,16
"./src/test/java/org/jfree/chart/renderer/xy/StackedXYAreaRendererTest.java",138,10,15
"./src/test/java/org/jfree/chart/renderer/xy/StackedXYBarRendererTest.java",93,9,18
"./src/test/java/org/jfree/chart/renderer/xy/StandardXYBarPainterTest.java",36,8,6
"./src/test/java/org/jfree/chart/renderer/xy/VectorRendererTest.java",47,9,11
"./src/test/java/org/jfree/chart/renderer/xy/WindItemRendererTest.java",41,9,8
"./src/test/java/org/jfree/chart/renderer/xy/XYAreaRenderer2Test.java",117,10,16
"./src/test/java/org/jfree/chart/renderer/xy/XYBoxAndWhiskerRendererTest.java",92,12,18
"./src/test/java/org/jfree/chart/renderer/xy/XYBubbleRendererTest.java",90,10,13
"./src/test/java/org/jfree/chart/renderer/xy/XYDotRendererTest.java",96,10,19
"./src/test/java/org/jfree/chart/renderer/xy/XYSplineRendererTest.java",66,17,17
"./src/test/java/org/jfree/chart/renderer/xy/XYStepAreaRendererTest.java",98,9,20
"./src/test/java/org/jfree/chart/renderer/xy/XYStepRendererTest.java",112,9,12
"./src/test/java/org/jfree/chart/ScatterPlotTest.java",84,10,4
"./src/test/java/org/jfree/chart/StackedAreaChartTest.java",90,11,5
"./src/test/java/org/jfree/chart/StackedBarChartTest.java",92,11,5
"./src/test/java/org/jfree/chart/swing/CrosshairOverlayTest.java",40,9,6
"./src/test/java/org/jfree/chart/text/format/HMSNumberFormatTest.java",15,15,6
"./src/test/java/org/jfree/chart/text/format/LogFormatTest.java",53,9,15
"./src/test/java/org/jfree/chart/TimeSeriesChartTest.java",84,10,4
"./src/test/java/org/jfree/chart/title/CompositeTitleTest.java",83,9,19
"./src/test/java/org/jfree/chart/title/DateTitleTest.java",55,9,15
"./src/test/java/org/jfree/chart/title/ImageTitleTest.java",6,11,16
"./src/test/java/org/jfree/chart/title/ShortTextTitleTest.java",40,8,9
"./src/test/java/org/jfree/chart/title/TitleTest.java",39,8,11
"./src/test/java/org/jfree/chart/urls/CustomCategoryURLGeneratorTest.java",84,12,17
"./src/test/java/org/jfree/chart/urls/CustomPieURLGeneratorTest.java",51,9,9
"./src/test/java/org/jfree/chart/urls/CustomXYURLGeneratorTest.java",84,12,17
"./src/test/java/org/jfree/chart/urls/StandardCategoryURLGeneratorTest.java",55,10,13
"./src/test/java/org/jfree/chart/urls/StandardPieURLGeneratorTest.java",59,9,15
"./src/test/java/org/jfree/chart/urls/StandardXYURLGeneratorTest.java",19,8,2
"./src/test/java/org/jfree/chart/urls/TimeSeriesURLGeneratorTest.java",65,9,14
"./src/test/java/org/jfree/chart/WaterfallChartTest.java",66,11,2
"./src/test/java/org/jfree/chart/XYAreaChartTest.java",83,11,4
"./src/test/java/org/jfree/chart/XYBarChartTest.java",87,10,4
"./src/test/java/org/jfree/chart/XYLineChartTest.java",84,10,4
"./src/test/java/org/jfree/chart/XYStepAreaChartTest.java",83,10,4
"./src/test/java/org/jfree/chart/XYStepChartTest.java",93,10,4
"./src/test/java/org/jfree/data/category/CategoryToPieDatasetTest.java",124,13,17
"./src/test/java/org/jfree/data/ComparableObjectItemTest.java",61,11,13
"./src/test/java/org/jfree/data/DefaultKeyedValueTest.java",60,11,16
"./src/test/java/org/jfree/data/DomainOrderTest.java",36,9,15
"./src/test/java/org/jfree/data/flow/DefaultFlowDatasetTest.java",57,10,14
"./src/test/java/org/jfree/data/flow/FlowKeyTest.java",35,8,10
"./src/test/java/org/jfree/data/flow/NodeKeyTest.java",35,8,10
"./src/test/java/org/jfree/data/function/LineFunction2DTest.java",36,9,7
"./src/test/java/org/jfree/data/function/NormalDistributionFunction2DTest.java",42,9,7
"./src/test/java/org/jfree/data/function/PolynomialFunction2DTest.java",63,12,10
"./src/test/java/org/jfree/data/function/PowerFunction2DTest.java",35,9,7
"./src/test/java/org/jfree/data/gantt/SlidingGanttCategoryDatasetTest.java",108,13,17
"./src/test/java/org/jfree/data/gantt/TaskSeriesTest.java",57,10,13
"./src/test/java/org/jfree/data/gantt/TaskTest.java",60,8,19
"./src/test/java/org/jfree/data/gantt/XYTaskDatasetTest.java",72,11,15
"./src/test/java/org/jfree/data/general/DefaultKeyedValueDatasetTest.java",45,8,11
"./src/test/java/org/jfree/data/general/DefaultKeyedValues2DDatasetTest.java",28,8,4
"./src/test/java/org/jfree/data/general/DefaultKeyedValuesDatasetTest.java",28,8,4
"./src/test/java/org/jfree/data/general/DefaultPieDatasetTest.java",96,13,20
"./src/test/java/org/jfree/data/KeyedObjectTest.java",53,8,16
"./src/test/java/org/jfree/data/RangeTypeTest.java",36,9,15
"./src/test/java/org/jfree/data/statistics/BoxAndWhiskerCalculatorTest.java",93,8,19
"./src/test/java/org/jfree/data/statistics/BoxAndWhiskerItemTest.java",24,8,3
"./src/test/java/org/jfree/data/statistics/HistogramBinTest.java",33,8,5
"./src/test/java/org/jfree/data/statistics/MeanAndStandardDeviationTest.java",32,8,8
"./src/test/java/org/jfree/data/statistics/RegressionTest.java",134,11,16
"./src/test/java/org/jfree/data/statistics/SimpleHistogramDatasetTest.java",54,11,12
"./src/test/java/org/jfree/data/time/DateRangeTest.java",43,8,10
"./src/test/java/org/jfree/data/time/FixedMillisecondTest.java",36,9,5
"./src/test/java/org/jfree/data/time/MovingAverageTest.java",41,8,8
"./src/test/java/org/jfree/data/time/ohlc/OHLCTest.java",48,8,13
"./src/test/java/org/jfree/data/time/TimePeriodAnchorTest.java",18,8,4
"./src/test/java/org/jfree/data/time/TimePeriodValueTest.java",34,8,7
"./src/test/java/org/jfree/data/time/TimeSeriesDataItemTest.java",32,8,6
"./src/test/java/org/jfree/data/xy/DefaultOHLCDatasetTest.java",78,10,17
"./src/test/java/org/jfree/data/xy/IntervalXYDelegateTest.java",56,8,12
"./src/test/java/org/jfree/data/xy/MatrixSeriesCollectionTest.java",52,9,10
"./src/test/java/org/jfree/data/xy/OHLCDataItemTest.java",27,8,4
"./src/test/java/org/jfree/data/xy/VectorDataItemTest.java",53,8,16
"./src/test/java/org/jfree/data/xy/VectorTest.java",41,8,10
"./src/test/java/org/jfree/data/xy/XIntervalDataItemTest.java",53,10,18
"./src/test/java/org/jfree/data/xy/XIntervalSeriesCollectionTest.java",101,12,17
"./src/test/java/org/jfree/data/xy/XYBarDatasetTest.java",65,9,9
"./src/test/java/org/jfree/data/xy/XYCoordinateTest.java",41,8,10
"./src/test/java/org/jfree/data/xy/XYDataItemTest.java",32,8,8
"./src/test/java/org/jfree/data/xy/XYIntervalSeriesCollectionTest.java",96,11,17
"./src/test/java/org/jfree/data/xy/XYIntervalTest.java",43,8,13
"./src/test/java/org/jfree/data/xy/YIntervalDataItemTest.java",53,10,18
"./src/test/java/org/jfree/data/xy/YIntervalSeriesCollectionTest.java",90,11,13
"./src/test/java/org/jfree/data/xy/YIntervalTest.java",35,8,9
"./src/test/java/org/jfree/data/xy/YWithXIntervalTest.java",35,8,9
